{"learner":{"attributes":{},"gradient_booster":{"model":{"gbtree_model_param":{"num_trees":"2","size_leaf_vector":"0"},"tree_info":[0,0],"trees":[{"base_weights":[-8.83702516555786133e-01,-1.73037934303283691e+00,1.59388709068298340e+00,-1.84090542793273926e+00,1.96436464786529541e+00,1.04859197139739990e+00,1.90826642513275146e+00,-1.95069873332977295e+00,-1.32602202892303467e+00,-1.89473688602447510e+00,1.29384517669677734e+00,1.58787274360656738e+00,1.98196816444396973e+00,-1.88191783428192139e+00,-1.99776041507720947e+00,-9.93794143199920654e-01,-1.98181819915771484e+00,4.68777894973754883e-01,1.83658051490783691e+00,1.94701898097991943e+00,1.25682079792022705e+00,-1.99547505378723145e+00,-1.61941325664520264e+00,-7.22196578979492188e-01,-1.95833337306976318e+00,-3.36103767156600952e-01,1.25682079792022705e+00,1.64007639884948730e+00,1.97315394878387451e+00,-1.77777779102325439e+00,1.94701898097991943e+00,-5.07978439331054688e-01,-1.92307686805725098e+00,8.62546145915985107e-01,-1.89999997615814209e+00,8.62546145915985107e-01,1.70551705360412598e+00,-3.21142613887786865e-01,-7.69871115684509277e-01],"default_left":[true,true,true,true,false,true,true,true,true,false,true,true,false,true,false,true,false,true,true,false,true,false,false,true,false,true,true,false,false,false,false,true,false,false,false,false,false,false,false],"id":0,"leaf_child_counts":[0,0,0,0,0,0,0,0,0,0,0,0,0,0,0,0,0,0,0,0,0,0,0,0,0,0,0,0,0,0,0,0,0,0,0,0,0,0,0],"left_children":[1,3,5,7,-1,9,11,13,15,-1,17,19,-1,21,-1,23,-1,25,27,-1,29,-1,-1,31,-1,33,35,-1,-1,-1,-1,37,-1,-1,-1,-1,-1,-1,-1],"loss_changes":[1.34827026367187500e+03,1.96472900390625000e+02,2.75709533691406250e+01,2.56470947265625000e+01,0.00000000000000000e+00,4.42397918701171875e+01,1.65863037109375000e+00,2.99316406250000000e-01,1.74889678955078125e+01,0.00000000000000000e+00,2.48328552246093750e+01,1.84043121337890625e+00,0.00000000000000000e+00,3.95697021484375000e+00,0.00000000000000000e+00,1.41282043457031250e+01,0.00000000000000000e+00,1.43966112136840820e+01,9.41925048828125000e-02,0.00000000000000000e+00,2.48205757141113281e+01,0.00000000000000000e+00,0.00000000000000000e+00,1.09541511535644531e+01,0.00000000000000000e+00,2.16741542816162109e+01,1.65560531616210938e+00,0.00000000000000000e+00,0.00000000000000000e+00,0.00000000000000000e+00,0.00000000000000000e+00,1.76238536834716797e+00,0.00000000000000000e+00,0.00000000000000000e+00,0.00000000000000000e+00,0.00000000000000000e+00,0.00000000000000000e+00,0.00000000000000000e+00,0.00000000000000000e+00],"parents":[2147483647,0,0,1,1,2,2,3,3,5,5,6,6,7,7,8,8,10,10,11,11,13,13,15,15,17,17,18,18,20,20,23,23,25,25,26,26,31,31],"right_children":[2,4,6,8,-1,10,12,14,16,-1,18,20,-1,22,-1,24,-1,26,28,-1,30,-1,-1,32,-1,34,36,-1,-1,-1,-1,38,-1,-1,-1,-1,-1,-1,-1],"split_conditions":[2.50000000000000000e+00,2.50000000000000000e+00,5.50000000000000000e+00,9.50000000000000000e+00,2.94654703140258789e+00,1.05000000000000000e+01,1.35000000000000000e+01,2.50000000000000000e+00,1.15000000000000000e+01,-2.84210538864135742e+00,1.50000000000000000e+00,9.50000000000000000e+00,2.97295236587524414e+00,1.50000000000000000e+00,-2.99664068222045898e+00,5.00000000000000000e-01,-2.97272729873657227e+00,5.00000000000000000e-01,1.50000000000000000e+00,2.92052841186523438e+00,7.50000000000000000e+00,-2.99321269989013672e+00,-2.42911982536315918e+00,5.00000000000000000e-01,-2.93750000000000000e+00,1.15000000000000000e+01,1.45000000000000000e+01,2.46011447906494141e+00,2.95973086357116699e+00,-2.66666674613952637e+00,2.92052841186523438e+00,1.05000000000000000e+01,-2.88461542129516602e+00,1.29381918907165527e+00,-2.84999990463256836e+00,1.29381918907165527e+00,2.55827569961547852e+00,-4.81713920831680298e-01,-1.15480661392211914e+00],"split_indices":[2,3,2,0,0,0,0,0,0,0,3,0,0,0,0,2,0,4,4,0,2,0,0,4,0,0,0,0,0,0,0,0,0,0,0,0,0,0,0],"sum_hessian":[6.42153320312500000e+02,4.78655731201171875e+02,1.63497573852539062e+02,4.64874694824218750e+02,1.37810230255126953e+01,6.01867408752441406e+01,1.03310829162597656e+02,3.82593688964843750e+02,8.22810211181640625e+01,4.50000000000000000e+00,5.56867408752441406e+01,2.03746967315673828e+01,8.29361343383789062e+01,1.59593673706054688e+02,2.23000000000000000e+02,5.50310211181640625e+01,2.72500000000000000e+01,2.22810230255126953e+01,3.34057197570800781e+01,9.18734836578369141e+00,1.11873483657836914e+01,1.10250000000000000e+02,4.93436737060546875e+01,4.32810211181640625e+01,1.17500000000000000e+01,1.10936737060546875e+01,1.11873483657836914e+01,1.50310230255126953e+01,1.83746967315673828e+01,2.00000000000000000e+00,9.18734836578369141e+00,3.70310211181640625e+01,6.25000000000000000e+00,6.34367418289184570e+00,4.75000000000000000e+00,6.34367418289184570e+00,4.84367418289184570e+00,2.19373474121093750e+01,1.50936737060546875e+01],"tree_param":{"num_deleted":"0","num_feature":"6","num_nodes":"39","size_leaf_vector":"0"}},{"base_weights":[-2.74491012096405029e-01,-7.49566555023193359e-01,2.01143428683280945e-01,-7.91365385055541992e-01,9.24338757991790771e-01,-9.71055869013071060e-03,1.00142025947570801e+00,-5.33348441123962402e-01,-1.00048780441284180e+00,-8.78805816173553467e-02,9.93865251541137695e-01,4.93150174617767334e-01,1.02901494503021240e+00,-1.03719079494476318e+00,1.60085588693618774e-01,-1.04366910457611084e+00,5.23958921432495117e-01,7.64208883047103882e-02,-3.51591557264328003e-01,1.75451442599296570e-01,-9.68190014362335205e-01,-9.95252788066864014e-01,-1.81762680411338806e-01,2.23721072077751160e-01,-8.80244910717010498e-01,-3.51118087768554688e-01,4.76974636316299438e-01,1.54682412743568420e-01,3.47388893365859985e-01,-8.87894555926322937e-02,-1.21808385848999023e+00,1.90836697816848755e-01,8.94910216331481934e-01,-5.62058091163635254e-01,4.32151108980178833e-01,-2.77323722839355469e+00,-4.97944131493568420e-02,1.55293837189674377e-01,-1.89348411560058594e+00,1.05247749015688896e-02,6.46081209182739258e-01],"default_left":[true,true,true,true,false,true,true,true,true,true,false,false,false,false,false,false,false,true,true,true,false,false,true,true,false,true,true,false,false,true,true,false,false,true,true,false,false,false,false,false,false],"id":1,"leaf_child_counts":[0,0,0,0,0,0,0,0,0,0,0,0,0,0,0,0,0,0,0,0,0,0,0,0,0,0,0,0,0,0,0,0,0,0,0,0,0,0,0,0,0],"left_children":[1,3,5,7,-1,9,11,13,15,17,-1,-1,-1,-1,-1,-1,-1,19,21,23,-1,-1,25,27,-1,29,31,-1,-1,33,35,-1,-1,37,39,-1,-1,-1,-1,-1,-1],"loss_changes":[3.55757217407226562e+01,5.69182968139648438e+00,1.32972354888916016e+01,4.01874160766601562e+00,0.00000000000000000e+00,4.93322229385375977e+00,1.03605270385742188e-01,1.22644548416137695e+01,2.91583251953125000e+00,2.53323507308959961e+00,0.00000000000000000e+00,0.00000000000000000e+00,0.00000000000000000e+00,0.00000000000000000e+00,0.00000000000000000e+00,0.00000000000000000e+00,0.00000000000000000e+00,3.78033351898193359e+00,2.40650081634521484e+00,1.74182987213134766e+00,0.00000000000000000e+00,0.00000000000000000e+00,2.05578184127807617e+00,2.59457826614379883e-01,0.00000000000000000e+00,3.27166771888732910e+00,4.11484777927398682e-01,0.00000000000000000e+00,0.00000000000000000e+00,2.87248539924621582e+00,6.05126905441284180e+00,0.00000000000000000e+00,0.00000000000000000e+00,5.88475227355957031e+00,5.00727891921997070e-01,0.00000000000000000e+00,0.00000000000000000e+00,0.00000000000000000e+00,0.00000000000000000e+00,0.00000000000000000e+00,0.00000000000000000e+00],"parents":[2147483647,0,0,1,1,2,2,3,3,5,5,6,6,7,7,8,8,9,9,17,17,18,18,19,19,22,22,23,23,25,25,26,26,29,29,30,30,33,33,34,34],"right_children":[2,4,6,8,-1,10,12,14,16,18,-1,-1,-1,-1,-1,-1,-1,20,22,24,-1,-1,26,28,-1,30,32,-1,-1,34,36,-1,-1,38,40,-1,-1,-1,-1,-1,-1],