{"learner":{"attributes":{},"gradient_booster":{"model":{"gbtree_model_param":{"num_trees":"2","size_leaf_vector":"0"},"tree_info":[0,0],"trees":[{"base_weights":[-9.20330584049224854e-01,-1.95099818706512451e+00,1.73002684116363525e+00,-1.99773502349853516e+00,1.51836276054382324e+00,1.03898191452026367e+00,1.93983554840087891e+00,-5.84187328815460205e-01,1.96246778964996338e+00,-1.86666667461395264e+00,5.84697723388671875e-01,-1.42857146263122559e+00,1.03164505958557129e+00,1.51836276054382324e+00,-1.33333337306976318e+00],"default_left":[true,true,true,false,false,true,false,true,false,false,true,false,true,false,false],"id":0,"leaf_child_counts":[0,0,0,0,0,0,0,0,0,0,0,0,0,0,0],"left_children":[1,3,5,-1,-1,7,-1,9,-1,-1,11,-1,13,-1,-1],"loss_changes":[1.69754321289062500e+03,7.40334472656250000e+01,2.42332763671875000e+01,0.00000000000000000e+00,0.00000000000000000e+00,6.29642982482910156e+01,0.00000000000000000e+00,2.37494678497314453e+01,0.00000000000000000e+00,0.00000000000000000e+00,8.36628627777099609e+00,0.00000000000000000e+00,9.33309364318847656e+00,0.00000000000000000e+00,0.00000000000000000e+00],"parents":[2147483647,0,0,1,1,2,2,5,5,7,7,10,10,12,12],"right_children":[2,4,6,-1,-1,8,-1,10,-1,-1,12,-1,14,-1,-1],"split_conditions":[3.50000000000000000e+00,2.50000000000000000e+00,5.50000000000000000e+00,-1.99773502349853516e+00,1.51836276054382324e+00,3.50000000000000000e+00,1.93983554840087891e+00,5.00000000000000000e-01,1.96246778964996338e+00,-1.86666667461395264e+00,1.15000000000000000e+01,-1.42857146263122559e+00,1.30000000000000000e+01,1.51836276054382324e+00,-1.33333337306976318e+00],"split_indices":[2,3,2,0,0,3,0,4,0,0,0,0,0,0,0],"sum_hessian":[6.20320129394531250e+02,4.46728759765625000e+02,1.73591369628906250e+02,4.41000000000000000e+02,5.72875404357910156e+00,4.11225242614746094e+01,1.32468856811523438e+02,1.49787540435791016e+01,2.61437702178955078e+01,7.00000000000000000e+00,7.97875404357910156e+00,1.25000000000000000e+00,6.72875404357910156e+00,5.72875404357910156e+00,1.00000000000000000e+00],"tree_param":{"num_deleted":"0","num_feature":"6","num_nodes":"15","size_leaf_vector":"0"}},{"base_weights":[-5.22638201713562012e-01,-1.13967561721801758e+00,8.15969645977020264e-01,2.39466518163681030e-01,1.09157204627990723e+00,-5.74227213859558105e-01,7.62647449970245361e-01,8.16611170768737793e-01,1.13120412826538086e+00,-1.35751295089721680e+00,-2.19523653388023376e-01,1.69526995159685612e-03,8.99375975131988525e-01,9.60819363594055176e-01,4.15308147668838501e-01,-9.71970558166503906e-01,2.45130106806755066e-01,6.81270837783813477e-01,1.06638658046722412e+00,-8.66082429885864258e-01,6.89075827598571777e-01,1.03151011466979980e+00,1.69526995159685612e-03],"default_left":[true,false,true,true,true,true,true,true,false,false,true,false,true,false,false,false,true,true,false,false,false,false,false],"id":1,"leaf_child_counts":[0,0,0,0,0,0,0,0,0,0,0,0,0,0,0,0,0,0,0,0,0,0,0],"left_children":[1,-1,3,5,7,9,11,13,-1,-1,15,-1,17,-1,-1,-1,19,21,-1,-1,-1,-1,-1],"loss_changes":[2.20989257812500000e+02,0.00000000000000000e+00,1.32999725341796875e+01,1.21306276321411133e+01,1.59805297851562500e-01,2.97257590293884277e+00,1.79351139068603516e+00,3.20450305938720703e-01,0.00000000000000000e+00,0.00000000000000000e+00,3.03147411346435547e+00,0.00000000000000000e+00,1.69213294982910156e-01,0.00000000000000000e+00,0.00000000000000000e+00,0.00000000000000000e+00,3.03584718704223633e+00,1.83746790885925293e+00,0.00000000000000000e+00,0.00000000000000000e+00,0.00000000000000000e+00,0.00000000000000000e+00,0.00000000000000000e+00],"parents":[2147483647,0,0,2,2,3,3,4,4,5,5,6,6,7,7,10,10,12,12,16,16,17,17],"right_children":[2,-1,4,6,8,10,12,14,-1,-1,16,-1,18,-1,-1,-1,20,22,-1,-1,-1,-1,-1],"split_conditions":[2.50000000000000000e+00,-1.13967561721801758e+00,2.50000000000000000e+00,5.50000000000000000e+00,3.50000000000000000e+00,5.00000000000000000e-01,1.10000000000000000e+01,1.15000000000000000e+01,1.13120412826538086e+00,-1.35751295089721680e+00,5.00000000000000000e-01,1.69526995159685612e-03,1.35000000000000000e+01,9.60819363594055176e-01,4.15308147668838501e-01,-9.71970558166503906e-01,1.15000000000000000e+01,5.00000000000000000e-01,1.06638658046722412e+00,-8.66082429885864258e-01,6.89075827598571777e-01,1.03151011466979980e+00,1.69526995159685612e-03],"split_indices":[2,0,3,2,3,3,0,0,0,0,4,0,0,0,0,0,0,3,0,0,0,0,0],"sum_hessian":[2.66487915039062500e+02,1.82457565307617188e+02,8.40303497314453125e+01,2.74807567596435547e+01,5.65495910644531250e+01,1.07354001998901367e+01,1.67453556060791016e+01,8.48492908477783203e+00,4.80646591186523438e+01,2.90554571151733398e+00,7.82985448837280273e+00,2.62763810157775879e+00,1.41177186965942383e+01,5.72906541824340820e+00,2.75586366653442383e+00,2.78079962730407715e+00,5.04905509948730469e+00,7.22367000579833984e+00,6.89404821395874023e+00,1.30561506748199463e+00,3.74343991279602051e+00,4.59603214263916016e+00,2.62763810157775879e+00],"tree_param":{"num_deleted":"0","num_feature":"6","num_nodes":"23","size_leaf_vector":"0"}}]},"name":"gbtree"},"learner_model_param":{"base_score":"0.500000","num_class":"0","num_feature":"6"},"objective":{"name":"binary:logistic","reg_loss_param":{"scale_pos_weight":"20.9150162"}}},"version":[1,1,1]}