{"learner":{"attributes":{},"gradient_booster":{"model":{"gbtree_model_param":{"num_trees":"2","size_leaf_vector":"0"},"tree_info":[0,0],"trees":[{"base_weights":[-1.48597133159637451e+00,-1.86383628845214844e+00,9.81503307819366455e-01,-1.91582942008972168e+00,6.29459321498870850e-01,-1.81818187236785889e+00,1.18152642250061035e+00,-1.99774515628814697e+00,-1.33245313167572021e+00,1.35477066040039062e-01,1.32920312881469727e+00,7.54115700721740723e-01,1.82922530174255371e+00,-1.02844834327697754e+00,-1.95121955871582031e+00,-1.60000002384185791e+00,9.94427680969238281e-01,-1.66666662693023682e+00,9.13310766220092773e-01,-7.03780055046081543e-01,-1.91304349899291992e+00,1.37684142589569092e+00,4.70892667770385742e-01,-5.73797941207885742e-01,-1.71428573131561279e+00,-1.95102497935295105e-01,1.86567413806915283e+00,-4.39740329980850220e-01,-7.56364226341247559e-01,-7.56364226341247559e-01,1.32920312881469727e+00,4.93041098117828369e-01,-1.84615385532379150e+00],"default_left":[true,true,true,true,true,false,true,false,true,true,false,true,false,true,false,false,false,false,true,true,false,false,true,true,false,true,false,false,false,true,false,false,false],"id":0,"leaf_child_counts":[0,0,0,0,0,0,0,0,0,0,0,0,0,0,0,0,0,0,0,0,0,0,0,0,0,0,0,0,0,0,0,0,0],"left_children":[1,3,5,7,9,-1,11,-1,13,15,-1,17,-1,19,-1,-1,-1,-1,21,23,-1,-1,25,27,-1,29,-1,-1,-1,31,-1,-1,-1],"loss_changes":[2.78486267089843750e+02,3.38353271484375000e+01,2.28052406311035156e+01,1.14466552734375000e+01,1.84653902053833008e+00,0.00000000000000000e+00,9.97119522094726562e+00,0.00000000000000000e+00,5.50995254516601562e+00,5.59453201293945312e+00,0.00000000000000000e+00,9.19616031646728516e+00,0.00000000000000000e+00,5.96987342834472656e+00,0.00000000000000000e+00,0.00000000000000000e+00,0.00000000000000000e+00,0.00000000000000000e+00,4.27271270751953125e+00,1.91586494445800781e+00,0.00000000000000000e+00,0.00000000000000000e+00,1.07220773696899414e+01,2.82947540283203125e-01,0.00000000000000000e+00,7.07191133499145508e+00,0.00000000000000000e+00,0.00000000000000000e+00,0.00000000000000000e+00,8.37822818756103516e+00,0.00000000000000000e+00,0.00000000000000000e+00,0.00000000000000000e+00],"parents":[2147483647,0,0,1,1,2,2,3,3,4,4,6,6,8,8,9,9,11,11,13,13,18,18,19,19,22,22,23,23,25,25,29,29],"right_children":[2,4,6,8,10,-1,12,-1,14,16,-1,18,-1,20,-1,-1,-1,-1,22,24,-1,-1,26,28,-1,30,-1,-1,-1,32,-1,-1,-1],"split_conditions":[5.00000000000000000e-01,1.25000000000000000e+01,5.50000000000000000e+00,7.50000000000000000e+00,3.50000000000000000e+00,-2.72727274894714355e+00,2.50000000000000000e+00,-2.99661779403686523e+00,5.00000000000000000e-01,1.35000000000000000e+01,1.99380469322204590e+00,6.50000000000000000e+00,2.74383783340454102e+00,9.50000000000000000e+00,-2.92682933807373047e+00,-2.40000009536743164e+00,1.49164152145385742e+00,-2.50000000000000000e+00,1.50000000000000000e+00,5.00000000000000000e-01,-2.86956524848937988e+00,2.06526207923889160e+00,5.00000000000000000e-01,8.50000000000000000e+00,-2.57142853736877441e+00,1.50000000000000000e+01,2.79851126670837402e+00,-6.59610509872436523e-01,-1.13454627990722656e+00,8.50000000000000000e+00,1.99380469322204590e+00,7.39561676979064941e-01,-2.76923084259033203e+00],"split_indices":[3,0,0,0,2,0,3,0,2,0,0,0,0,0,0,0,0,0,2,4,0,0,1,0,0,0,0,0,0,0,0,0,0],"sum_hessian":[2.97945220947265625e+02,2.58430725097656250e+02,3.95144882202148438e+01,2.53208435058593750e+02,5.22229290008544922e+00,2.50000000000000000e+00,3.70144882202148438e+01,2.21500000000000000e+02,3.17084388732910156e+01,3.23614645004272461e+00,1.98614645004272461e+00,2.26253185272216797e+01,1.43891716003417969e+01,2.17084388732910156e+01,1.00000000000000000e+01,1.00000000000000000e+00,2.23614645004272461e+00,1.25000000000000000e+00,2.13753185272216797e+01,1.62084388732910156e+01,5.50000000000000000e+00,1.01807327270507812e+01,1.11945858001708984e+01,1.47084388732910156e+01,1.50000000000000000e+00,7.72229290008544922e+00,3.47229290008544922e+00,8.97229290008544922e+00,5.73614645004272461e+00,5.73614645004272461e+00,1.98614645004272461e+00,2.73614645004272461e+00,3.00000000000000000e+00],"tree_param":{"num_deleted":"0","num_feature":"6","num_nodes":"33","size_leaf_vector":"0"}},{"base_weights":[-6.27318084239959717e-01,-9.90211009979248047e-01,-6.80845975875854492e-02,-1.02694451808929443e+00,2.14483410120010376e-01,-1.17275461554527283e-01,8.78642678260803223e-01,-1.04345846176147461e+00,-5.57969212532043457e-01,6.43538981676101685e-02,-5.00377774238586426e-01,-2.98110768198966980e-02,5.05210340023040771e-01,-3.28897237777709961e-01,-1.27231454849243164e+00,9.88619104027748108e-02,-1.45046794414520264e+00,2.67078038305044174e-02,9.35716807842254639e-01,-9.58338320255279541e-01,-6.83228895068168640e-02,2.00476124882698059e-01,-6.08267307281494141e-01,3.07424902915954590e-01,-1.25638258457183838e+00,1.50665134191513062e-01,2.84253656864166260e-01,-9.47349816560745239e-02,5.64129292964935303e-01],"default_left":[true,true,true,true,false,true,false,false,false,true,true,true,true,true,false,true,false,false,false,false,true,true,false,true,false,false,false,false,false],"id":1,"leaf_child_counts":[0,0,0,0,0,0,0,0,0,0,0,0,0,0,0,0,0,0,0,0,0,0,0,0,0,0,0,0,0],"left_children":[1,3,5,7,-1,9,-1,-1,-1,11,13,15,17,19,-1,21,-1,-1,-1,-1,23,25,-1,27,-1,-1,-1,-1,-1],"loss_changes":[1.44986877441406250e+01,1.97381591796875000e+00,1.34913098812103271e+00,1.80644989013671875e-01,0.00000000000000000e+00,1.90303480625152588e+00,0.00000000000000000e+00,0.00000000000000000e+00,0.00000000000000000e+00,7.79905557632446289e-01,1.05858802795410156e+00,2.89515590667724609e+00,6.74475252628326416e-01,1.21822822093963623e+00,0.00000000000000000e+00,1.07788562774658203e+00,0.00000000000000000e+00,0.00000000000000000e+00,0.00000000000000000e+00,0.00000000000000000e+00,2.59319257736206055e+00,4.32642102241516113e-02,0.00000000000000000e+00,4.72734600305557251e-01,0.00000000000000000e+00,0.00000000000000000e+00,0.00000000000000000e+00,0.00000000000000000e+00,0.00000000000000000e+00],"parents":[2147483647,0,0,1,1,2,2,3,3,5,5,9,9,10,10,11,11,12,12,13,13,15,15,20,20,21,21,23,23],"right_children":[2,4,6,8,-1,10,-1,-1,-1,12,14,16,18,20,-1,22,-1,-1,-1,-1,24,26,-1,28,-1,-1,-1,-1,-1],"split_conditions":[7.50000000000000000e+00,2.50000000000000000e+00,3.50000000000000000e+00,5.00000000000000000e-01,3.21725130081176758e-01,5.00000000000000000e-01,1.31796407699584961e+00,-1.56518769264221191e+00,-8.36953818798065186e-01,1.15000000000000000e+01,1.35000000000000000e+01,9.50000000000000000e+00,5.00000000000000000e-01,1.50000000000000000e+00,-1.90847182273864746e+00,5.00000000000000000e-01,-2.17570185661315918e+00,4.00617048144340515e-02,1.40357518196105957e+00,-1.43750751018524170e+00,1.50000000000000000e+00,8.50000000000000000e+00,-9.12400960922241211e-01,5.00000000000000000e-01,-1.88457393646240234e+00,2.25997701287269592e-01,4.26380485296249390e-01,-1.42102479934692383e-01,8.46193909645080566e-01],"split_indices":[0,3,3,3,0,2,0,0,0,0,0,0,3,2,0,3,0,0,0,0,3,0,0,3,0,0,0,0,0],"sum_hessian":[7.12756118774414062e+01,4.31090164184570312e+01,2.81665916442871094e+01,4.18692283630371094e+01,1.23978805541992188e+00,2.69835872650146484e+01,1.18300485610961914e+00,4.01492233276367188e+01,1.72000658512115479e+00,1.84462146759033203e+01,8.53737258911132812e+00,1.53917083740234375e+01,3.05450582504272461e+00,7.27728939056396484e+00,1.26008331775665283e+00,1.43267002105712891e+01,1.06500780582427979e+00,1.57235860824584961e+00,1.48214709758758545e+00,1.93461132049560547e+00,5.34267807006835938e+00,1.26832456588745117e+01,1.64345479011535645e+00,4.19973611831665039e+00,1.14294159412384033e+00,8.39279937744140625e+00,4.29044628143310547e+00,1.69774425029754639e+00,2.50199198722839355e+00],"tree_param":{"num_deleted":"0","num_feature":"6","num_nodes":"29","size_leaf_vector":"0"}}]},"name":"gbtree"},"learner_model_param":{"base_score":"0.500000","num_class":"0","num_feature":"6"},"objective":{"name":"binary:logistic",