{"learner":{"attributes":{},"gradient_booster":{"model":{"gbtree_model_param":{"num_trees":"2","size_leaf_vector":"0"},"tree_info":[0,0],"trees":[{"base_weights":[-9.60419595241546631e-01,-1.77620005607604980e+00,1.86512041091918945e+00,-1.86846959590911865e+00,1.71944534778594971e+00,-1.66666662693023682e+00,1.88733744621276855e+00,-1.96401977539062500e+00,-6.33353590965270996e-01,1.27004134654998779e+00,1.95941340923309326e+00,1.75652742385864258e+00,1.98762309551239014e+00,-1.99901521205902100e+00,-1.86102187633514404e+00,-8.47397446632385254e-01,1.83376729488372803e-01,-1.60000002384185791e+00,1.77045524120330811e+00,1.98356521129608154e+00,1.64580023288726807e+00,-1.55633676052093506e+00,-1.99590158462524414e+00,-1.96610164642333984e+00,-2.46637970209121704e-01,1.27004134654998779e+00,-1.87500000000000000e+00,1.56703889369964600e+00,1.95941340923309326e+00,-1.49752509593963623e+00,-1.92592597007751465e+00,5.57895004749298096e-01,-1.94444441795349121e+00,1.63399100303649902e+00,-1.60000002384185791e+00,-1.44675254821777344e+00,-1.89473688602447510e+00,1.03543055057525635e+00,-1.84615385532379150e+00,1.52679133415222168e+00,1.95941340923309326e+00,8.04736435413360596e-01,1.27004134654998779e+00,1.70669281482696533e+00,-1.77777779102325439e+00,1.16502594947814941e+00,-1.60000002384185791e+00],"default_left":[true,true,true,true,true,false,true,true,true,true,false,true,false,false,true,true,true,false,false,false,true,true,false,false,true,false,false,true,false,true,false,true,false,true,false,false,false,true,false,true,false,true,false,false,false,false,false],"id":0,"leaf_child_counts":[0,0,0,0,0,0,0,0,0,0,0,0,0,0,0,0,0,0,0,0,0,0,0,0,0,0,0,0,0,0,0,0,0,0,0,0,0,0,0,0,0,0,0,0,0,0,0],"left_children":[1,3,5,7,9,-1,11,13,15,17,-1,19,-1,-1,21,23,25,-1,-1,-1,27,29,-1,-1,31,-1,-1,33,-1,35,-1,37,-1,39,-1,-1,-1,41,-1,43,-1,45,-1,-1,-1,-1,-1],"loss_changes":[2.24985107421875000e+03,2.45045654296875000e+02,1.79479980468750000e+01,8.67714843750000000e+01,1.49201583862304688e+00,0.00000000000000000e+00,1.97991943359375000e+00,1.53833007812500000e+00,9.36599159240722656e+00,1.15295448303222656e+01,0.00000000000000000e+00,1.61029052734375000e+00,0.00000000000000000e+00,0.00000000000000000e+00,6.50903320312500000e+00,2.83204250335693359e+01,2.58364944458007812e+01,0.00000000000000000e+00,0.00000000000000000e+00,0.00000000000000000e+00,8.71200561523437500e-01,4.86083984375000000e-01,0.00000000000000000e+00,0.00000000000000000e+00,3.82707901000976562e+01,0.00000000000000000e+00,0.00000000000000000e+00,1.21625823974609375e+01,0.00000000000000000e+00,3.03604125976562500e-01,0.00000000000000000e+00,2.23698616027832031e+01,0.00000000000000000e+00,1.11068725585937500e+00,0.00000000000000000e+00,0.00000000000000000e+00,0.00000000000000000e+00,6.14213943481445312e-01,0.00000000000000000e+00,2.52565841674804688e+01,0.00000000000000000e+00,8.07706260681152344e+00,0.00000000000000000e+00,0.00000000000000000e+00,0.00000000000000000e+00,0.00000000000000000e+00,0.00000000000000000e+00],"parents":[2147483647,0,0,1,1,2,2,3,3,4,4,6,6,7,7,8,8,9,9,11,11,14,14,15,15,16,16,20,20,21,21,24,24,27,27,29,29,31,31,33,33,37,37,39,39,41,41],"right_children":[2,4,6,8,10,-1,12,14,16,18,-1,20,-1,-1,22,24,26,-1,-1,-1,28,30,-1,-1,32,-1,-1,34,-1,36,-1,38,-1,40,-1,-1,-1,42,-1,44,-1,46,-1,-1,-1,-1,-1],"split_conditions":[1.50000000000000000e+00,5.50000000000000000e+00,7.50000000000000000e+00,1.15000000000000000e+01,7.50000000000000000e+00,-2.50000000000000000e+00,7.50000000000000000e+00,6.50000000000000000e+00,5.00000000000000000e-01,1.45000000000000000e+01,2.93912005424499512e+00,2.00000000000000000e+00,2.98143458366394043e+00,-2.99852275848388672e+00,7.50000000000000000e+00,1.25000000000000000e+01,1.25000000000000000e+01,-2.40000009536743164e+00,2.65568280220031738e+00,2.97534775733947754e+00,5.50000000000000000e+00,5.00000000000000000e-01,-2.99385237693786621e+00,-2.94915246963500977e+00,5.00000000000000000e-01,1.90506196022033691e+00,-2.81250000000000000e+00,4.50000000000000000e+00,2.93912005424499512e+00,5.00000000000000000e-01,-2.88888883590698242e+00,5.00000000000000000e-01,-2.91666650772094727e+00,3.50000000000000000e+00,-2.40000009536743164e+00,-2.17012882232666016e+00,-2.84210538864135742e+00,1.45000000000000000e+01,-2.76923084259033203e+00,2.50000000000000000e+00,2.93912005424499512e+00,1.35000000000000000e+01,1.90506196022033691e+00,2.56003928184509277e+00,-2.66666674613952637e+00,1.74753892421722412e+00,-2.40000009536743164e+00],"split_indices":[3,2,0,0,2,0,2,0,3,0,0,2,0,0,0,0,0,0,0,0,3,4,0,0,2,0,0,3,0,2,0,4,0,3,0,0,0,0,0,3,0,0,0,0,0,0,0],"sum_hessian":[9.75456298828125000e+02,7.56992736816406250e+02,2.18463562011718750e+02,7.37638671875000000e+02,1.93540191650390625e+01,1.25000000000000000e+00,2.17213562011718750e+02,6.84534667968750000e+02,5.31040191650390625e+01,7.28467321395874023e+00,1.20693464279174805e+01,9.62700958251953125e+01,1.20943466186523438e+02,5.07500000000000000e+02,1.77034667968750000e+02,4.20693473815917969e+01,1.10346736907958984e+01,1.00000000000000000e+00,6.28467321395874023e+00,3.01733665466308594e+01,6.60967330932617188e+01,5.52846717834472656e+01,1.21750000000000000e+02,1.45000000000000000e+01,2.75693473815917969e+01,7.28467321395874023e+00,3.75000000000000000e+00,5.40273857116699219e+01,1.20693464279174805e+01,4.87846717834472656e+01,6.50000000000000000e+00,1.88193473815917969e+01,8.75000000000000000e+00,5.30273857116699219e+01,1.00000000000000000e+00,4.42846717834472656e+01,4.50000000000000000e+00,1.58193464279174805e+01,3.00000000000000000e+00,4.09580383300781250e+01,1.20693464279174805e+01,8.53467369079589844e+00,7.28467321395874023e+00,3.89580383300781250e+01,2.00000000000000000e+00,7.53467321395874023e+00,1.00000000000000000e+00],"tree_param":{"num_deleted":"0","num_feature":"6","num_nodes":"47","size_leaf_vector":"0"}},{"base_weights":[-4.65077459812164307e-01,-8.06782245635986328e-01,7.24642217159271240e-01,-1.04701042175292969e+00,-4.44705903530120850e-01,2.93805360794067383e-01,1.01623594760894775e+00,1.93128943443298340e-01,-7.19831883907318115e-01,2.27894615381956100e-02,7.35669016838073730e-01,2.85878241062164307e-01,-8.85167062282562256e-01,-8.66892457008361816e-01,6.23383641242980957e-01,9.00623321533203125e-01,-3.85590463876724243e-01,8.46300721168518066e-01,1.51957362890243530e-01,-9.70578610897064209e-01,-2.13623702526092529e-01,1.72371640801429749e-02,9.17376756668090820e-01,-1.84080481529235840e+00,4.39921289682388306e-01,4.17703509330749512e-01,9.96756017208099365e-01,-1.13358294963836670e+00,-5.50193250179290771e-01,-1.49120044708251953e+00,9.82078313827514648e-01,1.64898961782455444e-01,9.32330548763275146e-01,-1.03863298892974854e+00,-2.14861798286437988e+00,-4.17634367942810059e-01,-9.40999805927276611e-01,-8.87325167655944824e-01,-1.89952111244201660e+00,3.72193425893783569e-01,-6.24911747872829437e-02],"default_left":[true,true,true,false,true,true,false,true,true,true,true,false,false,true,true,false,true,true,false,true,true,false,false,false,true,false,false,true,true,true,false,true,false,false,false,false,false,false,false,false,false],"id":1,"leaf_child_counts":[0,0,0,0,0,0,0,0,0,0,0,0,0,0,0,0,0,0,0,0,0,0,0,0,0,0,0,0,0,0,0,0,0,0,0,0,0,0,0,0,0],"left_children":[1,3,5,-1,7,9,-1,11,13,15,17,-1,-1,19,21,-1,23,25,-1,27,29,-1,-1,-1,31,-1,-1,33,35,37,-1,39,-1,-1,-1,-1,-1,-1,-1,-1,-1],