{"learner":{"attributes":{},"gradient_booster":{"model":{"gbtree_model_param":{"num_trees":"2","size_leaf_vector":"0"},"tree_info":[0,0],"trees":[{"base_weights":[-9.47305977344512939e-01,-1.88812267780303955e+00,1.63031947612762451e+00,-1.94285273551940918e+00,1.00795483589172363e+00,5.09507179260253906e-01,1.93349385261535645e+00,-1.97019445896148682e+00,-1.20865893363952637e+00,4.15360897779464722e-01,1.95743691921234131e+00,-1.98181819915771484e+00,1.18503224849700928e+00,1.81017637252807617e+00,1.96632206439971924e+00,-1.99957287311553955e+00,-1.88056659698486328e+00,-7.43444561958312988e-01,-1.97727274894714355e+00,1.20674800872802734e+00,-1.89999997615814209e+00,2.40733653306961060e-01,1.42403244972229004e+00,-1.66666662693023682e+00,1.85711038112640381e+00,-1.55933332443237305e+00,-1.99823939800262451e+00,-5.00218987464904785e-01,-1.91999995708465576e+00,-1.60000002384185791e+00,1.44433271884918213e+00,1.50933337211608887e+00,-1.93548381328582764e+00,1.46697580814361572e+00,-1.60000002384185791e+00,1.58130717277526855e+00,1.97841215133666992e+00,-1.53158271312713623e+00,-1.92307686805725098e+00,-8.53847503662109375e-01,1.85817405581474304e-01,1.21378171443939209e+00,1.88232612609863281e+00,1.72574639320373535e+00,-1.66666662693023682e+00,-1.50542044639587402e+00,-1.90909087657928467e+00,-2.26643234491348267e-01,-1.93333327770233154e+00,9.37319695949554443e-01,-1.83333337306976318e+00,1.59731745719909668e+00,-4.18976657092571259e-02,1.56401145458221436e+00,1.95743691921234131e+00,1.79447472095489502e+00,-1.77777779102325439e+00,-1.86666667461395264e+00,7.64508545398712158e-01,1.79587316513061523e+00,1.13317644596099854e+00,1.57683467864990234e+00,1.89471280574798584e+00,1.24123728275299072e+00,-1.66666662693023682e+00,1.91664779186248779e+00,-1.71428573131561279e+00],"default_left":[true,true,true,true,true,true,true,true,true,true,false,false,true,true,false,false,true,true,false,true,false,true,true,false,true,true,false,true,false,false,false,false,false,true,false,true,false,true,false,true,true,true,false,true,false,false,false,false,false,false,false,true,true,true,false,true,false,false,true,false,true,false,false,false,false,false,false],"id":0,"leaf_child_counts":[0,0,0,0,0,0,0,0,0,0,0,0,0,0,0,0,0,0,0,0,0,0,0,0,0,0,0,0,0,0,0,0,0,0,0,0,0,0,0,0,0,0,0,0,0,0,0,0,0,0,0,0,0,0,0,0,0,0,0,0,0,0,0,0,0,0,0],"left_children":[1,3,5,7,9,11,13,15,17,19,-1,-1,21,23,-1,-1,25,27,-1,29,-1,31,33,-1,35,37,-1,39,-1,-1,-1,-1,-1,41,-1,43,-1,45,-1,47,49,51,-1,53,-1,-1,-1,-1,-1,-1,-1,55,57,59,-1,61,-1,-1,63,-1,65,-1,-1,-1,-1,-1,-1],"loss_changes":[5.45805712890625000e+03,2.61819335937500000e+02,2.04270507812500000e+02,3.18896484375000000e+01,1.70953998565673828e+01,2.16814559936523438e+02,1.02758789062500000e+00,3.16650390625000000e+00,2.06387710571289062e+01,3.58409042358398438e+01,0.00000000000000000e+00,0.00000000000000000e+00,2.27608795166015625e+01,1.75369873046875000e+01,0.00000000000000000e+00,0.00000000000000000e+00,1.39346923828125000e+01,1.03473491668701172e+01,0.00000000000000000e+00,1.02451076507568359e+01,0.00000000000000000e+00,5.80083694458007812e+01,1.10710296630859375e+01,0.00000000000000000e+00,2.61282348632812500e+00,3.28552246093750000e-01,0.00000000000000000e+00,7.55966901779174805e+00,0.00000000000000000e+00,0.00000000000000000e+00,0.00000000000000000e+00,0.00000000000000000e+00,0.00000000000000000e+00,7.81394958496093750e+00,0.00000000000000000e+00,1.58454666137695312e+01,0.00000000000000000e+00,2.61718750000000000e-01,0.00000000000000000e+00,1.37692289352416992e+01,1.67395553588867188e+01,2.42124481201171875e+01,0.00000000000000000e+00,3.96034240722656250e-01,0.00000000000000000e+00,0.00000000000000000e+00,0.00000000000000000e+00,0.00000000000000000e+00,0.00000000000000000e+00,0.00000000000000000e+00,0.00000000000000000e+00,2.64109725952148438e+01,1.80128345489501953e+01,1.43876647949218750e+00,0.00000000000000000e+00,4.91867065429687500e-02,0.00000000000000000e+00,0.00000000000000000e+00,1.03672008514404297e+01,0.00000000000000000e+00,1.75501785278320312e+01,0.00000000000000000e+00,0.00000000000000000e+00,0.00000000000000000e+00,0.00000000000000000e+00,0.00000000000000000e+00,0.00000000000000000e+00],"parents":[2147483647,0,0,1,1,2,2,3,3,4,4,5,5,6,6,7,7,8,8,9,9,12,12,13,13,16,16,17,17,19,19,21,21,22,22,24,24,25,25,27,27,33,33,35,35,37,37,39,39,40,40,41,41,43,43,51,51,52,52,53,53,55,55,58,58,60,60],"right_children":[2,4,6,8,10,12,14,16,18,20,-1,-1,22,24,-1,-1,26,28,-1,30,-1,32,34,-1,36,38,-1,40,-1,-1,-1,-1,-1,42,-1,44,-1,46,-1,48,50,52,-1,54,-1,-1,-1,-1,-1,-1,-1,56,58,60,-1,62,-1,-1,64,-1,66,-1,-1,-1,-1,-1,-1],"split_conditions":[5.00000000000000000e-01,4.50000000000000000e+00,2.50000000000000000e+00,1.25000000000000000e+01,1.90000000000000000e+01,9.50000000000000000e+00,3.50000000000000000e+00,6.50000000000000000e+00,5.00000000000000000e-01,1.25000000000000000e+01,2.93615531921386719e+00,-2.97272729873657227e+00,1.15000000000000000e+01,7.50000000000000000e+00,2.94948315620422363e+00,-2.99935936927795410e+00,7.50000000000000000e+00,5.00000000000000000e-01,-2.96590900421142578e+00,1.05000000000000000e+01,-2.84999990463256836e+00,5.00000000000000000e-01,2.50000000000000000e+00,-2.50000000000000000e+00,5.50000000000000000e+00,5.00000000000000000e-01,-2.99735903739929199e+00,1.45000000000000000e+01,-2.87999987602233887e+00,-2.40000009536743164e+00,2.16649913787841797e+00,2.26399993896484375e+00,-2.90322566032409668e+00,7.50000000000000000e+00,-2.40000009536743164e+00,4.50000000000000000e+00,2.96761822700500488e+00,5.00000000000000000e-01,-2.88461542129516602e+00,1.35000000000000000e+01,1.55000000000000000e+01,3.50000000000000000e+00,2.82348918914794922e+00,2.50000000000000000e+00,-2.50000000000000000e+00,-2.25813055038452148e+00,-2.86363625526428223e+00,-3.39964866638183594e-01,-2.89999985694885254e+00,1.40597951412200928e+00,-2.75000000000000000e+00,1.35000000000000000e+01,5.00000000000000000e-01,1.00000000000000000e+01,2.93615531921386719e+00,1.25000000000000000e+01,-2.66666674613952637e+00,-2.79999995231628418e+00,1.50000000000000000e+00,2.69380974769592285e+00,1.50000000000000000e+00,2.36525201797485352e+00,2.84206914901733398e+00,1.86185598373413086e+00,-2.50000000000000000e+00,2.87497162818908691e+00,-2.57142853736877441e+00],"split_indices":[3,2,3,0,0,0,3,0,2,0,0,0,0,0,0,0,0,4,0,0,0,2,4,0,2,2,0,0,0,0,0,0,0,2,0,2,0,4,0,0,0,2,0,4,0,0,0,0,0,0,0,0,4,0,0,0,0,0,3,0,2,0,0,0,0,0,0],