{"learner":{"attributes":{},"gradient_booster":{"model":{"gbtree_model_param":{"num_trees":"2","size_leaf_vector":"0"},"tree_info":[0,0],"trees":[{"base_weights":[-7.17015266418457031e-01,-1.54683637619018555e+00,1.73527133464813232e+00,-1.71407210826873779e+00,1.86744976043701172e+00,1.46369457244873047e+00,1.92548429965972900e+00,-1.92428135871887207e+00,-1.31360769271850586e+00,1.61719179153442383e+00,4.05651360750198364e-01,-1.99650347232818604e+00,-3.12012702226638794e-01,-1.13389706611633301e+00,-1.97014927864074707e+00,1.40701258182525635e+00,1.82481431961059570e+00,-1.75000000000000000e+00,1.83074462413787842e+00,5.40675461292266846e-01,-1.79999995231628418e+00,-1.36772406101226807e+00,-1.64487045258283615e-02,1.69534027576446533e+00,-1.66666662693023682e+00,1.27622568607330322e+00,1.95481848716735840e+00,-1.60000002384185791e+00,1.27622568607330322e+00,-1.08383512496948242e+00,-1.59876561164855957e+00,4.16724771261215210e-01,-1.77777779102325439e+00,1.05510497093200684e+00,1.86744976043701172e+00,-1.40295493602752686e+00,7.48482123017311096e-02,-1.94871795177459717e+00,-1.39497482776641846e+00,-1.94117641448974609e+00,-9.42793369293212891e-01,6.91758096218109131e-01,-1.66666662693023682e+00,-1.01201784610748291e+00,-1.93333327770233154e+00,-8.03012132644653320e-01,-1.66666662693023682e+00,-8.63137364387512207e-01,-1.71428573131561279e+00,-7.36172020435333252e-01,-1.60000002384185791e+00],"default_left":[true,true,true,true,false,true,false,true,true,true,true,false,true,true,false,true,true,false,false,true,false,true,true,true,false,false,false,false,false,true,true,false,false,false,false,true,true,false,true,false,true,false,false,true,false,false,false,true,false,false,false],"id":0,"leaf_child_counts":[0,0,0,0,0,0,0,0,0,0,0,0,0,0,0,0,0,0,0,0,0,0,0,0,0,0,0,0,0,0,0,0,0,0,0,0,0,0,0,0,0,0,0,0,0,0,0,0,0,0,0],"left_children":[1,3,5,7,-1,9,-1,11,13,15,17,-1,19,21,-1,23,25,-1,-1,27,-1,29,31,33,-1,-1,-1,-1,-1,35,37,-1,-1,-1,-1,39,41,-1,43,-1,45,-1,-1,47,-1,-1,-1,49,-1,-1,-1],"loss_changes":[6.53397277832031250e+02,1.37718688964843750e+02,3.49078369140625000e+00,1.86223754882812500e+01,0.00000000000000000e+00,5.43826293945312500e+00,0.00000000000000000e+00,1.72469482421875000e+01,8.82394409179687500e+00,6.69052124023437500e-01,1.52520122528076172e+01,0.00000000000000000e+00,8.74941349029541016e+00,1.64609909057617188e+01,0.00000000000000000e+00,1.49042568206787109e+01,3.94062042236328125e-01,0.00000000000000000e+00,0.00000000000000000e+00,7.52382612228393555e+00,0.00000000000000000e+00,2.98486328125000000e+00,8.69850540161132812e+00,1.13498687744140625e+00,0.00000000000000000e+00,0.00000000000000000e+00,0.00000000000000000e+00,0.00000000000000000e+00,0.00000000000000000e+00,8.95897102355957031e+00,1.33183288574218750e+00,0.00000000000000000e+00,0.00000000000000000e+00,0.00000000000000000e+00,0.00000000000000000e+00,4.23681259155273438e+00,6.14790344238281250e+00,0.00000000000000000e+00,3.36705017089843750e+00,0.00000000000000000e+00,7.48496055603027344e-01,0.00000000000000000e+00,0.00000000000000000e+00,8.27657699584960938e-01,0.00000000000000000e+00,0.00000000000000000e+00,0.00000000000000000e+00,6.36798858642578125e-01,0.00000000000000000e+00,0.00000000000000000e+00,0.00000000000000000e+00],"parents":[2147483647,0,0,1,1,2,2,3,3,5,5,7,7,8,8,9,9,10,10,12,12,13,13,15,15,16,16,19,19,21,21,22,22,23,23,29,29,30,30,35,35,36,36,38,38,40,40,43,43,47,47],"right_children":[2,4,6,8,-1,10,-1,12,14,16,18,-1,20,22,-1,24,26,-1,-1,28,-1,30,32,34,-1,-1,-1,-1,-1,36,38,-1,-1,-1,-1,40,42,-1,44,-1,46,-1,-1,48,-1,-1,-1,50,-1,-1,-1],"split_conditions":[5.00000000000000000e-01,5.00000000000000000e+00,4.50000000000000000e+00,6.50000000000000000e+00,2.80117464065551758e+00,1.65000000000000000e+01,2.88822650909423828e+00,5.00000000000000000e-01,1.25000000000000000e+01,5.00000000000000000e-01,2.40000000000000000e+01,-2.99475526809692383e+00,3.50000000000000000e+00,1.15000000000000000e+01,-2.95522403717041016e+00,5.00000000000000000e-01,2.50000000000000000e+00,-2.62500000000000000e+00,2.74611687660217285e+00,2.50000000000000000e+00,-2.69999980926513672e+00,8.50000000000000000e+00,5.00000000000000000e-01,7.50000000000000000e+00,-2.50000000000000000e+00,1.91433858871459961e+00,2.93222761154174805e+00,-2.40000009536743164e+00,1.91433858871459961e+00,5.00000000000000000e-01,9.50000000000000000e+00,6.25087141990661621e-01,-2.66666674613952637e+00,1.58265745639801025e+00,2.80117464065551758e+00,7.50000000000000000e+00,1.50000000000000000e+00,-2.92307686805725098e+00,1.05000000000000000e+01,-2.91176462173461914e+00,5.00000000000000000e-01,1.03763711452484131e+00,-2.50000000000000000e+00,5.00000000000000000e-01,-2.89999985694885254e+00,-1.20451819896697998e+00,-2.50000000000000000e+00,5.00000000000000000e-01,-2.57142853736877441e+00,-1.10425806045532227e+00,-2.40000009536743164e+00],"split_indices":[3,2,2,0,0,0,0,4,0,4,0,0,0,0,0,1,2,0,0,0,0,0,2,0,0,0,0,0,0,2,0,0,0,0,0,0,2,0,0,0,4,0,0,2,0,0,0,4,0,0,0],"sum_hessian":[3.20506378173828125e+02,2.39541152954101562e+02,8.09652328491210938e+01,2.28474685668945312e+02,1.10664615631103516e+01,3.42452697753906250e+01,4.67199630737304688e+01,1.49204116821289062e+02,7.92705764770507812e+01,2.97911529541015625e+01,4.45411539077758789e+00,1.42750000000000000e+02,6.45411539077758789e+00,6.27705764770507812e+01,1.65000000000000000e+01,1.57705764770507812e+01,1.40205764770507812e+01,1.75000000000000000e+00,2.70411539077758789e+00,4.20411539077758789e+00,2.25000000000000000e+00,5.18623466491699219e+01,1.09082307815551758e+01,1.45205764770507812e+01,1.25000000000000000e+00,3.20411539077758789e+00,1.08164615631103516e+01,1.00000000000000000e+00,3.20411539077758789e+00,2.39082298278808594e+01,2.79541149139404297e+01,8.90823078155517578e+00,2.00000000000000000e+00,3.45411539077758789e+00,1.10664615631103516e+01,1.87041149139404297e+01,5.20411539077758789e+00,9.50000000000000000e+00,1.84541149139404297e+01,8.25000000000000000e+00,1.04541149139404297e+01,3.95411539077758789e+00,1.25000000000000000e+00,1.12041149139404297e+01,7.25000000000000000e+00,9.20411491394042969e+00,1.25000000000000000e+00,9.70411491394042969e+00,1.50000000000000000e+00,8.70411491394042969e+00,1.00000000000000000e+00],"tree_param":{"num_deleted":"0","num_feature":"6","num_nodes":"51","size_leaf_vector":"0"}},{"base_weights":[-3.11110049486160278e-01,-1.07251572608947754e+00,9.07512605190277100e-02,-1.11701726913452148e+00,-4.96806651353836060e-01,-1.87653318047523499e-01,6.44297838211059570e-01,-1.03652095794677734e+00,-1.28949463367462158e+00,-2.45435357093811035e-01,5.81421673297882080e-01,4.94728118181228638e-01,1.00506937503814697e+00,-1.62827599048614502e+00,-9.93075013160705566e-01,-1.04289218783378601e-01,-1.49653482437133789e+00,2.01103627681732178e-01,8.73697519302368164e-01,1.04215049743652344e+00,3.70429754257202148e-01,-3.67370732128620148e-02,-9.38687980175018311e-01,-1.68615579605102539e+00,-8.47368836402893066e-01,-9.87099260091781616e-02,6.74682796001434326e-01,1.38517716550268233e-04,-8.55585098266601562e-01,5.34301221370697021e-01,-8.96714389324188232e-01,9.15990471839904785e-01,4.64228361845016479e-01,-3.72209519147872925e-01,7.29767233133316040e-02,6.07920177280902863e-02,9.51130092144012451e-01,-1.12881958484649658e-01,8.08454573154449463e-01,-9.05149757862091064e-01,-3.98198850452899933e-02,3.42581719160079956e-01,-3.48749831318855286e-02,-9.07368421554565430e-01,6.64759501814842224e-02,2.78281480073928833e-01,-1.01544789969921112e-01,-8.57828319072723389e-01,3.17048840224742889e-02],"default_left":[true,true,true,true,false,true,true,false,true,true,true,true,false,false,false,true,true,false,false,false,true,true,false,false,false,true,true,true,false,true,false,false,true,true,true,false,false,false,false,false,false,false,true,false,true,false,true,false,false],"id":1,"leaf_child_counts":[0,0,0,0,0,0,0,0,0,0,0,0,0,0,0,0,0,0,0,0,0,0,0,0,0,0,0,0,0,0,0,0,0,0,0,0,0,0,0,0,0,0,0,0,0,0,0,0,0],