{"learner":{"attributes":{},"gradient_booster":{"model":{"gbtree_model_param":{"num_trees":"2","size_leaf_vector":"0"},"tree_info":[0,0],"trees":[{"base_weights":[-8.68450164794921875e-01,-1.69504320621490479e+00,1.65381026268005371e+00,-1.84956395626068115e+00,1.11960244178771973e+00,-1.90476191043853760e+00,1.71984994411468506e+00,-1.97453081607818604e+00,-1.05017006397247314e+00,1.30368840694427490e+00,-1.81818187236785889e+00,1.43338000774383545e+00,1.89712774753570557e+00,-1.99925982952117920e+00,-1.37858188152313232e+00,-7.12812840938568115e-01,-1.98290598392486572e+00,1.73356604576110840e+00,4.44685041904449463e-01,-1.66666662693023682e+00,1.47405076026916504e+00,1.70570480823516846e+00,1.95699417591094971e+00,-1.96610164642333984e+00,-7.51029431819915771e-01,-5.38262784481048584e-01,-1.95000004768371582e+00,-1.89999997615814209e+00,1.63978886604309082e+00,1.10231590270996094e+00,1.74446642398834229e+00,-1.79999995231628418e+00,1.91298806667327881e+00,-4.21145141124725342e-01,-1.84615385532379150e+00,-9.13034021854400635e-01,2.39644587039947510e-01,1.34680306911468506e+00,1.89149916172027588e+00,1.34314382076263428e+00,-1.85714280605316162e+00,1.60303258895874023e+00,1.90706169605255127e+00,-8.29577684402465820e-01,-1.03628575801849365e+00,5.66206157207489014e-01,-1.84615385532379150e+00,1.76386046409606934e+00,8.04767191410064697e-01,1.94423699378967285e+00,1.46621978282928467e+00,-1.60000002384185791e+00,9.62119281291961670e-01,8.20432305335998535e-01,1.66115915775299072e+00,7.27492332458496094e-01,1.51059675216674805e+00,1.69124758243560791e+00,-1.71428573131561279e+00,1.46165633201599121e+00,1.83724880218505859e+00,1.08429086208343506e+00,-1.71428573131561279e+00],"default_left":[true,true,true,true,true,false,true,true,true,true,false,true,true,false,true,true,false,false,true,false,true,true,false,false,true,true,false,false,true,true,true,false,false,false,false,true,true,false,false,true,false,true,false,false,false,false,false,false,true,false,true,false,true,true,true,true,false,false,false,false,false,false,false],"id":0,"leaf_child_counts":[0,0,0,0,0,0,0,0,0,0,0,0,0,0,0,0,0,0,0,0,0,0,0,0,0,0,0,0,0,0,0,0,0,0,0,0,0,0,0,0,0,0,0,0,0,0,0,0,0,0,0,0,0,0,0,0,0,0,0,0,0,0,0],"left_children":[1,3,5,7,9,-1,11,13,15,17,-1,19,21,-1,23,25,-1,-1,27,-1,29,31,-1,-1,33,35,-1,-1,37,39,41,-1,-1,-1,-1,43,45,-1,-1,47,-1,49,-1,-1,-1,-1,-1,-1,51,-1,53,-1,55,57,59,61,-1,-1,-1,-1,-1,-1,-1],"loss_changes":[2.37853344726562500e+03,3.74168701171875000e+02,6.70057373046875000e+01,8.08493652343750000e+01,2.48563995361328125e+01,0.00000000000000000e+00,1.33691406250000000e+01,9.68750000000000000e+00,3.44642105102539062e+01,1.54516525268554688e+01,0.00000000000000000e+00,1.40763397216796875e+01,1.11492919921875000e+00,0.00000000000000000e+00,1.02708740234375000e+01,1.73699111938476562e+01,0.00000000000000000e+00,0.00000000000000000e+00,4.13161506652832031e+01,0.00000000000000000e+00,1.01268005371093750e+01,3.17258605957031250e+01,0.00000000000000000e+00,0.00000000000000000e+00,4.99275302886962891e+00,2.10161075592041016e+01,0.00000000000000000e+00,0.00000000000000000e+00,7.97004699707031250e-02,3.27787628173828125e+01,6.30630493164062500e-01,0.00000000000000000e+00,0.00000000000000000e+00,0.00000000000000000e+00,0.00000000000000000e+00,2.84725189208984375e-01,1.63190917968750000e+01,0.00000000000000000e+00,0.00000000000000000e+00,9.12796020507812500e+00,0.00000000000000000e+00,8.74862670898437500e-01,0.00000000000000000e+00,0.00000000000000000e+00,0.00000000000000000e+00,0.00000000000000000e+00,0.00000000000000000e+00,0.00000000000000000e+00,7.50805568695068359e+00,0.00000000000000000e+00,2.84318923950195312e+00,0.00000000000000000e+00,2.01909255981445312e+00,1.47592277526855469e+01,2.55203247070312500e-03,1.17614269256591797e+01,0.00000000000000000e+00,0.00000000000000000e+00,0.00000000000000000e+00,0.00000000000000000e+00,0.00000000000000000e+00,0.00000000000000000e+00,0.00000000000000000e+00],"parents":[2147483647,0,0,1,1,2,2,3,3,4,4,6,6,7,7,8,8,9,9,11,11,12,12,14,14,15,15,18,18,20,20,21,21,24,24,25,25,28,28,29,29,30,30,35,35,36,36,39,39,41,41,48,48,50,50,52,52,53,53,54,54,55,55],"right_children":[2,4,6,8,10,-1,12,14,16,18,-1,20,22,-1,24,26,-1,-1,28,-1,30,32,-1,-1,34,36,-1,-1,38,40,42,-1,-1,-1,-1,44,46,-1,-1,48,-1,50,-1,-1,-1,-1,-1,-1,52,-1,54,-1,56,58,60,62,-1,-1,-1,-1,-1,-1,-1],"split_conditions":[5.00000000000000000e-01,1.15000000000000000e+01,5.50000000000000000e+00,7.50000000000000000e+00,5.00000000000000000e-01,-2.85714292526245117e+00,1.50000000000000000e+00,5.00000000000000000e-01,5.00000000000000000e-01,5.00000000000000000e-01,-2.72727274894714355e+00,6.50000000000000000e+00,2.50000000000000000e+00,-2.99888968467712402e+00,6.50000000000000000e+00,5.00000000000000000e-01,-2.97435903549194336e+00,2.60034894943237305e+00,3.50000000000000000e+00,-2.50000000000000000e+00,1.05000000000000000e+01,9.50000000000000000e+00,2.93549132347106934e+00,-2.94915246963500977e+00,1.50000000000000000e+00,9.50000000000000000e+00,-2.92500019073486328e+00,-2.84999990463256836e+00,5.00000000000000000e+00,9.50000000000000000e+00,1.35000000000000000e+01,-2.69999980926513672e+00,2.86948204040527344e+00,-6.31717681884765625e-01,-2.76923084259033203e+00,8.50000000000000000e+00,1.05000000000000000e+01,2.02020454406738281e+00,2.83724880218505859e+00,1.50000000000000000e+00,-2.78571414947509766e+00,5.00000000000000000e-01,2.86059260368347168e+00,-1.24436652660369873e+00,-1.55442857742309570e+00,8.49309206008911133e-01,-2.76923084259033203e+00,2.64579057693481445e+00,7.50000000000000000e+00,2.91635560989379883e+00,3.50000000000000000e+00,-2.40000009536743164e+00,4.50000000000000000e+00,1.15000000000000000e+01,1.15000000000000000e+01,2.50000000000000000e+00,2.26589512825012207e+00,2.53687143325805664e+00,-2.57142853736877441e+00,2.19248437881469727e+00,2.75587320327758789e+00,1.62643623352050781e+00,-2.57142853736877441e+00],"split_indices":[3,0,0,0,4,0,3,2,2,2,0,0,3,0,0,4,0,0,2,0,0,0,0,0,2,0,0,0,2,0,0,0,0,0,0,0,0,0,0,2,0,2,0,0,0,0,0,0,0,0,2,0,2,0,0,2,0,0,0,0,0,0,0],"sum_hessian":[1.14026135253906250e+03,8.58873901367187500e+02,2.81387420654296875e+02,8.14257812500000000e+02,4.46160926818847656e+01,5.00000000000000000e+00,2.76387420654296875e+02,7.03858276367187500e+02,1.10399566650390625e+02,4.21160926818847656e+01,2.50000000000000000e+00,1.06523490905761719e+02,1.69863937377929688e+02,6.75250000000000000e+02,2.86082611083984375e+01,8.13995666503906250e+01,2.90000000000000000e+01,2.78995704650878906e+01,1.42165231704711914e+01,1.25000000000000000e+00,1.05273490905761719e+02,4.22243537902832031e+01,1.27639587402343750e+02,1.45000000000000000e+01,1.41082611083984375e+01,7.16495666503906250e+01,9.75000000000000000e+00,4.75000000000000000e+00,9.46652317047119141e+00,4.48660926818847656e+01,6.04074020385742188e+01,2.25000000000000000e+00,3.99743537902832031e+01,1.11082611083984375e+01,3.00000000000000000e+00,4.83247833251953125e+01,2.33247852325439453e+01,5.10826158523559570e+00,4.35826158523559570e+00,4.16160926818847656e+01,3.25000000000000000e+00,3.37578315734863281e+01,2.66495704650878906e+01,2.99665222167968750e+01,1.83582611083984375e+01,2.03247852325439453e+01,3.00000000000000000e+00,2.30413074493408203e+01,1.85747852325439453e+01,8.71652317047119141e+00,2.50413074493408203e+01,1.00000000000000000e+00,1.75747852325439453e+01,6.10826158523559570e+00,1.89330463409423828e+01,1.27165231704711914e+01,4.85826158523559570e+00,4.60826158523559570e+00,1.50000000000000000e+00,9.96652317047119141e+00,8.96652317047119141e+00,1.12165231704711914e+01,1.50000000000000000e+00],"tree_param":{"num_deleted":"0","num_feature":"6","num_nodes":"63",