{"learner":{"attributes":{},"gradient_booster":{"model":{"gbtree_model_param":{"num_trees":"2","size_leaf_vector":"0"},"tree_info":[0,0],"trees":[{"base_weights":[-1.52494704723358154e+00,-1.86273062229156494e+00,1.08530819416046143e+00,-1.89802992343902588e+00,1.64980483055114746e+00,1.39377981424331665e-01,1.88085091114044189e+00,-1.92287945747375488e+00,-1.17349720001220703e+00,-1.33548891544342041e+00,6.43314719200134277e-01,-8.80757033824920654e-01,-1.87500000000000000e+00,-8.78954410552978516e-01,-1.82608699798583984e+00,-2.96000968664884567e-02,1.34723377227783203e+00,-7.12767481803894043e-01,-1.06289994716644287e+00,-5.45970380306243896e-01,-1.55555558204650879e+00,2.24341914057731628e-01,-1.63636362552642822e+00,9.58989143371582031e-01,1.75951862335205078e+00,-6.01157665252685547e-01,-1.33333337306976318e+00,5.14587223529815674e-01,-1.09376713633537292e-01,-1.54400169849395752e-01,1.05362653732299805e+00,-5.45970380306243896e-01,7.26789057254791260e-01,5.25797009468078613e-01,-1.66666662693023682e+00],"default_left":[true,true,true,true,false,true,false,false,true,true,true,true,false,true,false,true,true,true,false,false,false,true,false,false,false,false,false,true,true,false,false,true,false,false,false],"id":0,"leaf_child_counts":[0,0,0,0,0,0,0,0,0,0,0,0,0,0,0,0,0,0,0,0,0,0,0,0,0,0,0,0,0,0,0,0,0,0,0],"left_children":[1,3,5,7,-1,9,-1,-1,11,13,15,17,-1,19,-1,21,23,25,-1,-1,-1,27,-1,-1,-1,-1,-1,29,31,-1,-1,33,-1,-1,-1],"loss_changes":[8.31448730468750000e+02,1.04988769531250000e+02,8.13174209594726562e+01,1.37443847656250000e+01,0.00000000000000000e+00,3.75791282653808594e+01,0.00000000000000000e+00,0.00000000000000000e+00,5.06293106079101562e+00,2.08488655090332031e+00,1.78262500762939453e+01,2.69115447998046875e-01,0.00000000000000000e+00,1.29700326919555664e+00,0.00000000000000000e+00,8.22503280639648438e+00,2.09888839721679688e+00,4.67302322387695312e-01,0.00000000000000000e+00,0.00000000000000000e+00,0.00000000000000000e+00,1.71915912628173828e+00,0.00000000000000000e+00,0.00000000000000000e+00,0.00000000000000000e+00,0.00000000000000000e+00,0.00000000000000000e+00,3.48008990287780762e+00,3.31361865997314453e+00,0.00000000000000000e+00,0.00000000000000000e+00,7.51479244232177734e+00,0.00000000000000000e+00,0.00000000000000000e+00,0.00000000000000000e+00],"parents":[2147483647,0,0,1,1,2,2,3,3,5,5,8,8,9,9,10,10,11,11,13,13,15,15,16,16,17,17,21,21,27,27,28,28,31,31],"right_children":[2,4,6,8,-1,10,-1,-1,12,14,16,18,-1,20,-1,22,24,26,-1,-1,-1,28,-1,-1,-1,-1,-1,30,32,-1,-1,34,-1,-1,-1],"split_conditions":[2.50000000000000000e+00,2.50000000000000000e+00,5.50000000000000000e+00,5.00000000000000000e-01,2.47470712661743164e+00,5.00000000000000000e-01,2.82127642631530762e+00,-2.88431930541992188e+00,1.50000000000000000e+00,3.50000000000000000e+00,5.00000000000000000e-01,5.00000000000000000e-01,-2.81250000000000000e+00,5.00000000000000000e-01,-2.73913049697875977e+00,4.50000000000000000e+00,2.50000000000000000e+00,1.50000000000000000e+00,-1.59434986114501953e+00,-8.18955540657043457e-01,-2.33333349227905273e+00,1.50000000000000000e+00,-2.45454549789428711e+00,1.43848371505737305e+00,2.63927793502807617e+00,-9.01736497879028320e-01,-2.00000000000000000e+00,3.50000000000000000e+00,3.50000000000000000e+00,-2.31600254774093628e-01,1.58043980598449707e+00,3.50000000000000000e+00,1.09018361568450928e+00,7.88695514202117920e-01,-2.50000000000000000e+00],"split_indices":[1,2,1,2,0,2,0,0,1,1,3,1,0,3,0,1,3,2,0,0,0,2,0,0,0,0,0,1,2,0,0,1,0,0,0],"sum_hessian":[9.41358154296875000e+02,8.33624938964843750e+02,1.07733177185058594e+02,8.25558288574218750e+02,8.06665229797363281e+00,4.94832839965820312e+01,5.82498970031738281e+01,7.97383300781250000e+02,2.81749897003173828e+01,1.23916635513305664e+01,3.70916213989257812e+01,2.06749897003173828e+01,7.50000000000000000e+00,7.14166307449340820e+00,5.25000000000000000e+00,1.92083168029785156e+01,1.78833045959472656e+01,1.20333261489868164e+01,8.64166355133056641e+00,5.39166307449340820e+00,1.75000000000000000e+00,1.69583168029785156e+01,2.25000000000000000e+00,1.00666522979736328e+01,7.81665277481079102e+00,1.10333261489868164e+01,1.00000000000000000e+00,8.92498970031738281e+00,8.03332614898681641e+00,4.14166307449340820e+00,4.78332614898681641e+00,5.39166307449340820e+00,2.64166307449340820e+00,2.89166307449340820e+00,2.50000000000000000e+00],"tree_param":{"num_deleted":"0","num_feature":"5","num_nodes":"35","size_leaf_vector":"0"}},{"base_weights":[-4.74753707647323608e-01,-6.40089035034179688e-01,8.97910594940185547e-02,-6.75207853317260742e-01,2.87457797676324844e-02,-5.24185895919799805e-02,8.62787783145904541e-01,-6.51711225509643555e-01,-1.00215554237365723e+00,-1.35353386402130127e-01,4.61794108152389526e-01,2.97345042228698730e-01,-2.80984550714492798e-01,3.50655138492584229e-01,9.72931087017059326e-01,-6.28748834133148193e-01,-9.94656085968017578e-01,6.17959424853324890e-02,-7.51019477844238281e-01,2.45969176292419434e-01,5.21244227886199951e-01,-1.20553219318389893e+00,-1.92577227950096130e-01,1.91879525780677795e-01,3.23919147253036499e-01,-2.55122870206832886e-01,6.73364996910095215e-01,-1.43322601914405823e-01,-8.54164242744445801e-01,-2.33793184161186218e-02,-8.05431544780731201e-01,-2.18991231918334961e+00,1.79754495620727539e-01,-1.19632057845592499e-01,7.91256844997406006e-01,-4.76581715047359467e-02,-2.21176460385322571e-01,-2.81452745199203491e-01,1.59528687596321106e-01,-3.12574088573455811e-01,-9.53954607248306274e-02,-1.29326045513153076e-01,4.07466202974319458e-01],"default_left":[true,true,true,true,true,true,true,true,false,true,false,true,true,false,false,false,false,false,false,true,false,false,true,false,false,true,false,true,true,true,false,false,false,true,false,true,true,false,true,false,false,false,false],"id":1,"leaf_child_counts":[0,0,0,0,0,0,0,0,0,0,0,0,0,0,0,0,0,0,0,0,0,0,0,0,0,0,0,0,0,0,0,0,0,0,0,0,0,0,0,0,0,0,0],"left_children":[1,3,5,7,9,11,13,15,-1,17,-1,19,21,-1,-1,-1,-1,-1,-1,23,-1,-1,25,-1,-1,27,-1,29,31,33,-1,-1,-1,35,-1,37,39,-1,41,-1,-1,-1,-1],"loss_changes":[2.03911056518554688e+01,3.97456359863281250e+00,5.50313234329223633e+00,9.05654907226562500e-01,6.63755714893341064e-01,3.44581174850463867e+00,2.68017768859863281e-01,8.76983642578125000e-01,0.00000000000000000e+00,8.53594779968261719e-01,0.00000000000000000e+00,1.32267236709594727e-01,2.00980067253112793e+00,0.00000000000000000e+00,0.00000000000000000e+00,0.00000000000000000e+00,0.00000000000000000e+00,0.00000000000000000e+00,0.00000000000000000e+00,3.14593911170959473e-02,0.00000000000000000e+00,0.00000000000000000e+00,1.40384411811828613e+00,0.00000000000000000e+00,0.00000000000000000e+00,1.48300945758819580e+00,0.00000000000000000e+00,1.58141541481018066e+00,5.06589746475219727e+00,1.41751551628112793e+00,0.00000000000000000e+00,0.00000000000000000e+00,0.00000000000000000e+00,1.12121209502220154e-01,0.00000000000000000e+00,5.08638203144073486e-01,6.01046085357666016e-02,0.00000000000000000e+00,4.30307000875473022e-01,0.00000000000000000e+00,0.00000000000000000e+00,0.00000000000000000e+00,0.00000000000000000e+00],"parents":[2147483647,0,0,1,1,2,2,3,3,4,4,5,5,6,6,7,7,9,9,11,11,12,12,19,19,22,22,25,25,27,27,28,28,29,29,33,33,35,35,36,36,38,38],"right_children":[2,4,6,8,10,12,14,16,-1,18,-1,20,22,-1,-1,-1,-1,-1,-1,24,-1,-1,26,-1,-1,28,-1,30,32,34,-1,-1,-1,36,-1,38,40,-1,42,-1,-1,-1,-1],